[
  {
    "id": "1a86b09d-ef0d-4526-9235-0c2de7565134",
    "data": [
      {
        "text": "cartoes",
        "userDefined": false
      }
    ],
    "isTemplate": false,
    "count": 0,
    "lang": "pt-br",
    "updated": 0
  },
  {
    "id": "3f87a5e0-898d-48a6-a3dd-581c3b2c7d5b",
    "data": [
      {
        "text": "intencao de cartao",
        "userDefined": false
      }
    ],
    "isTemplate": false,
    "count": 0,
    "lang": "pt-br",
    "updated": 0
  },
  {
    "id": "bcf57bd9-4fe6-4e78-be23-eeedecb980eb",
    "data": [
      {
        "text": "Entrar na intenção de cartão",
        "userDefined": false
      }
    ],
    "isTemplate": false,
    "count": 0,
    "lang": "pt-br",
    "updated": 0
  },
  {
    "id": "a2a344b2-465f-490d-a744-8bb06ebd55a3",
    "data": [
      {
        "text": "Cartão",
        "userDefined": false
      }
    ],
    "isTemplate": false,
    "count": 0,
    "lang": "pt-br",
    "updated": 0
  },
  {
    "id": "827f0413-9052-44ab-81e6-2cf2b66f6e46",
    "data": [
      {
        "text": "Card",
        "userDefined": false
      }
    ],
    "isTemplate": false,
    "count": 0,
    "lang": "pt-br",
    "updated": 0
  }
]