[
  {
    "id": "5da8625a-57b9-450b-becd-8f7926fb1d6c",
    "data": [
      {
        "text": "quick",
        "userDefined": false
      },
      {
        "text": " replies",
        "userDefined": false
      }
    ],
    "isTemplate": false,
    "count": 0,
    "lang": "pt-br",
    "updated": 0
  },
  {
    "id": "8b46d4d8-8cee-44ca-bd39-f8695262cf3e",
    "data": [
      {
        "text": "sugestões",
        "userDefined": false
      }
    ],
    "isTemplate": false,
    "count": 0,
    "lang": "pt-br",
    "updated": 0
  },
  {
    "id": "3801ca12-690f-44c8-acb4-ffba11676812",
    "data": [
      {
        "text": "Intenção de repostas rápidas",
        "userDefined": false
      }
    ],
    "isTemplate": false,
    "count": 0,
    "lang": "pt-br",
    "updated": 0
  }
]